system_id,coverage,baseline_judge,calibrated_judge,baseline_far,calibrated_far,absolute_margin,relative_margin,bootstrap_ci_low,bootstrap_ci_high,seed_margin_mean,seed_ci_low,seed_ci_high,seed_win_rate,meets_absolute_threshold,meets_relative_threshold,ci_excludes_zero,seed_win_threshold_weak,verdict
two_tank,0.05,best_single_signal_selected_on_calibration,best_calibrated_family_per_model_scenario,0.64,0.4666666666666667,0.17333333333333334,0.2708333333333333,0.1466666666666666,0.19999999999999996,0.17200000000000001,0.15746505478797496,0.18653494521202507,1.0,True,True,True,0.6,PRACTICALLY_MEANINGFUL
two_tank,0.1,best_single_signal_selected_on_calibration,best_calibrated_family_per_model_scenario,0.6533333333333334,0.48666666666666664,0.1666666666666668,0.2551020408163267,0.1133333333333334,0.1933333333333333,0.13266666666666674,0.12110453005680924,0.14422880327652424,1.0,True,True,True,0.6,PRACTICALLY_MEANINGFUL
cstr,0.05,best_single_signal_selected_on_calibration,best_calibrated_family_per_model_scenario,0.6666666666666666,0.6285714285714286,0.03809523809523807,0.057142857142857106,0.01904761904761898,0.04761904761904756,0.016190476190476154,0.004588486532087479,0.027792465848864828,0.7,False,False,True,0.6,POSITIVE_BUT_WEAK
cstr,0.1,best_single_signal_selected_on_calibration,best_calibrated_family_per_model_scenario,0.6666666666666666,0.6285714285714286,0.03809523809523807,0.057142857142857106,0.01904761904761898,0.042857142857142816,0.01333333333333333,0.0012309364671737443,0.02543573019949292,0.6,False,False,True,0.6,POSITIVE_BUT_WEAK
