system,coverage,baseline_far,calibrated_far,margin,effect_strength
two_tank,0.05,0.64,0.4666666666666667,0.1733333333333333,practically_meaningful
two_tank,0.1,0.6533333333333334,0.4866666666666666,0.1666666666666668,practically_meaningful
cstr,0.05,0.6666666666666666,0.6285714285714286,0.038095238095238,positive_but_weak
cstr,0.1,0.6666666666666666,0.6285714285714286,0.038095238095238,positive_but_weak
